Target,Metrica,Valore
Sex_F,F1-score,0.4210526315789473
Sex_F,F1-score,0.4615384615384615
Sex_F,F1-score,0.25925925925925924
Sex_F,F1-score,0.23076923076923073
Sex_F,F1-score,0.42424242424242425
Sex_F,F1-score,0.29508196721311475
Sex_F,F1-score,0.29090909090909095
Sex_F,F1-score,0.4333333333333334
Sex_F,F1-score,0.38596491228070173
Sex_F,F1-score,0.37288135593220334
