Target,Metrica,Valore
Sex_F,F1-score,0.6097560975609756
Sex_F,F1-score,0.6835443037974683
Sex_F,F1-score,0.4864864864864864
Sex_F,F1-score,0.4722222222222222
Sex_F,F1-score,0.6499999999999999
Sex_F,F1-score,0.54320987654321
Sex_F,F1-score,0.5555555555555556
Sex_F,F1-score,0.6341463414634146
Sex_F,F1-score,0.5813953488372093
Sex_F,F1-score,0.6666666666666666
