Target,Metrica,Valore
ADHD_Outcome,F1-score,0.8636363636363636
ADHD_Outcome,F1-score,0.8275862068965518
ADHD_Outcome,F1-score,0.8670520231213873
ADHD_Outcome,F1-score,0.8457142857142858
ADHD_Outcome,F1-score,0.8538011695906433
ADHD_Outcome,F1-score,0.8202247191011235
ADHD_Outcome,F1-score,0.883720930232558
ADHD_Outcome,F1-score,0.812121212121212
ADHD_Outcome,F1-score,0.8323699421965319
ADHD_Outcome,F1-score,0.788235294117647
